NOM,AGE,DATE_DE_NAISSANCE,EMAIL_PRO,EMAIL_PERSO
error wrong format
franck,21,01-01-1999,franck@dauphine.eu,franck@email.com
edouard,20,01-01-2000,edouard@dauphine.eu,edouard@email.com
jules,29,01-01-1991,jules@dauphine.eu,jules@email.com
error wrong format
error wrong format
lucas,20,01-01-2000,lucas@dauphine.eu,lucas@email.com
camille,43,01-01-1977,camille@dauphine.psl.eu,camille@email.com
chloe,40,01-01-1980,chloe@lamsade.dauphine.fr,chloe@email.com
error wrong format
error wrong format
